request_number,status,duration_ms,request_id,error
1,200,17725.83239991218,a72f3de2-6fda-4d58-97f3-a6d9d64b6d43,
2,200,9023.531100014225,782c7cd7-a755-4f1f-8fed-3daeb37a8941,
3,200,9917.134099872783,e891ce34-cc60-4d52-96e2-1baefaefb38e,
4,500,3490.9258999396116,c05dfb1d-2e13-46f5-bb8a-bf66e0b0942f,HTTP_500
5,200,13501.070300117135,a589b3e2-32b3-47ea-ba4f-6bcd555ce54e,
6,200,8635.306100128219,5999cb07-accc-4361-83cf-2bf8a6bb9f10,
7,200,9134.520299965516,6cf2e176-502d-4705-adea-97f9d05343f5,
8,200,10636.912000132725,ddc265c5-83d8-4042-96b3-cbfe47e212f0,
9,200,9594.543999992311,613f75fa-f6ce-48d3-9a5b-2058bca27768,
10,200,10997.852999949828,07068d5d-c04f-4c20-9e6c-1b460e8bb709,
11,200,11147.77629985474,c10fd81a-0b49-47f5-90cc-48f164ab9c6c,
12,200,10889.942199923098,8c41e392-00da-4cca-8230-a96b6f070917,
13,200,10727.226400049403,126418e2-ea7a-4bb6-8345-a14a05d75776,
14,200,11406.848100014031,14a420b5-beb7-482f-a76a-09df47544c7b,
15,500,2160.848299972713,f8749011-6c5e-43e9-9efd-ce749ef4be9a,HTTP_500
16,200,11188.60729993321,26f5ea6c-bed8-4c5d-b402-6041fe932ceb,
17,500,2099.6727999299765,84cf2431-9bd7-4615-b003-ff293bd8a98c,HTTP_500
18,200,12312.025299994275,31899903-9bda-4d28-8ca1-e2fa6db740aa,
19,200,10829.391799867153,af57c0bf-5b63-4092-bc82-0ee5ded4df68,
20,500,2241.192299872637,ad3ac6af-6417-4bf4-8029-4c449b15195a,HTTP_500
